order,sample_name,tag_sequence,tag_sequence_original,primer_sequence_F,primer_sequence_R,primer_sequence_R_RC,library_tag_combo,library,sample_type,locus,tag_number,R1,R2,Treatment,depth,dec_lat,dec_long,fluor,tmp,sal,sigma_theta,conduct,oxy_ml,transmiss,Description
1,UC1_18S,TTCTAGCT_AA,TTCTAGCT,GCTTGTCTCAAAGATTAAGCC,GCCTGCTGCCTTCCTTGGA,TCCAAGGAAGGCAGCAGGC,L7_TTCTAGCT,L7,environmental,18S,7,UC1-18S_S2_L001_R1_001.fastq.gz,UC1-18S_S2_L001_R2_001.fastq.gz,night,11.415,36,.121.7702,0.317525,12.57277917,33.31300833,25.17000417,3.879983208,5.731966667,86.42458333,PCNorth
2,UC2_18S,CCTAGAGT_AA,CCTAGAGT,GCTTGTCTCAAAGATTAAGCC,GCCTGCTGCCTTCCTTGGA,TCCAAGGAAGGCAGCAGGC,L8_CCTAGAGT,L8,environmental,18S,8,UC2-18S_S3_L001_R1_001.fastq.gz,UC2-18S_S3_L001_R2_001.fastq.gz,day,11.91165217,35,.121.5602,0.327413043,12.72407391,33.28353913,25.11782174,3.890925304,5.685595652,85.7651913,PCNorth
3,UC3_18S,GCGTAAGA_AA,GCGTAAGA,GCTTGTCTCAAAGATTAAGCC,GCCTGCTGCCTTCCTTGGA,TCCAAGGAAGGCAGCAGGC,L11_GCGTAAGA,L11,environmental,18S,11,UC3-18S_S4_L001_R1_001.fastq.gz,UC3-18S_S4_L001_R2_001.fastq.gz,night,11.91373913,33.9998,.120.61,0.351265217,12.57266522,33.42426522,25.25619565,3.891625217,5.249904348,85.76833913,PCNorth
4,UC4_18S,CTATTAAG_AA,CTATTAAG,GCTTGTCTCAAAGATTAAGCC,GCCTGCTGCCTTCCTTGGA,TCCAAGGAAGGCAGCAGGC,L12_CTATTAAG,L12,environmental,18S,12,UC4-18S_S5_L001_R1_001.fastq.gz,UC4-18S_S5_L001_R2_001.fastq.gz,day,12.41145455,33,.118.23,0.234636364,14.71248182,33.41780455,24.81468182,4.091150818,5.4555,84.71545455,EUNorth
5,UC5_18S,AAGGCTAT_AA,AAGGCTAT,GCTTGTCTCAAAGATTAAGCC,GCCTGCTGCCTTCCTTGGA,TCCAAGGAAGGCAGCAGGC,L13_AAGGCTAT,L13,environmental,18S,13,UC5-18S_S6_L001_R1_001.fastq.gz,UC5-18S_S6_L001_R2_001.fastq.gz,night,,,,,,,,,,,EUNorth
6,UC6_18S,GAGCCTTA_AA,GAGCCTTA,GCTTGTCTCAAAGATTAAGCC,GCCTGCTGCCTTCCTTGGA,TCCAAGGAAGGCAGCAGGC,L14_GAGCCTTA,L14,environmental,18S,14,UC6-18S_S7_L001_R1_001.fastq.gz,UC6-18S_S7_L001_R2_001.fastq.gz,day,11.91682609,30.9952,.116.589,0.217382609,15.64703043,33.51538696,24.68554348,4.190452652,5.243447826,88.00826957,EUNorth
7,UC7_18S,TTATGCGA_AA,TTATGCGA,GCTTGTCTCAAAGATTAAGCC,GCCTGCTGCCTTCCTTGGA,TCCAAGGAAGGCAGCAGGC,L15_TTATGCGA,L15,environmental,18S,15,UC7-18S_S8_L001_R1_001.fastq.gz,UC7-18S_S8_L001_R2_001.fastq.gz,night,11.9176087,30.0263,.116.1248,0.233269565,15.32267826,33.46879565,24.72148696,4.154456522,5.334295652,86.80058696,EUNorth
8,UC9_18S,TCGACTAG_AA,TCGACTAG,GCTTGTCTCAAAGATTAAGCC,GCCTGCTGCCTTCCTTGGA,TCCAAGGAAGGCAGCAGGC,L16_TCGACTAG,L16,environmental,18S,16,UC9-18S_S9_L001_R1_001.fastq.gz,UC9-18S_S9_L001_R2_001.fastq.gz,dawn,11.91908696,27.9933,.115.7002,0.327256522,16.101,33.79448261,24.79738696,4.265281217,5.096065217,83.36245652,EUNorth
9,UC10_18S,TTCTAGCT_AG,TTCTAGCT,GCTTGTCTCAAAGATTAAGCC,GCCTGCTGCCTTCCTTGGA,TCCAAGGAAGGCAGCAGGC,L17_TTCTAGCT,L17,environmental,18S,17,UC10-18S_S10_L001_R1_001.fastq.gz,UC10-18S_S10_L001_R2_001.fastq.gz,dawn,11.92043478,27.0043,.114.5317,0.217556522,17.21716087,33.89240435,24.6132913,4.384262217,5.090952174,87.57373478,EUSouth
10,UC12_18S,CCTAGAGT_AG,CCTAGAGT,GCTTGTCTCAAAGATTAAGCC,GCCTGCTGCCTTCCTTGGA,TCCAAGGAAGGCAGCAGGC,L18_CCTAGAGT,L18,environmental,18S,18,UC12-18S_S11_L001_R1_001.fastq.gz,UC12-18S_S11_L001_R2_001.fastq.gz,night,11.92213043,24.9998,.112.9597,0.218082609,18.82835217,34.16702609,24.42857391,4.574350261,4.876356522,87.41837826,EUSouth
11,UC13_18S,GCGTAAGA_AG,GCGTAAGA,GCTTGTCTCAAAGATTAAGCC,GCCTGCTGCCTTCCTTGGA,TCCAAGGAAGGCAGCAGGC,L19_GCGTAAGA,L19,environmental,18S,19,UC13-18S_S12_L001_R1_001.fastq.gz,UC13-18S_S12_L001_R2_001.fastq.gz,day,11.42525,24.0005,.112.3283,0.184395833,19.69200833,34.11982083,24.17136667,4.654128542,4.765579167,89.18244583,EUSouth
12,UC14_18S,CTATTAAG_AG,CTATTAAG,GCTTGTCTCAAAGATTAAGCC,GCCTGCTGCCTTCCTTGGA,TCCAAGGAAGGCAGCAGGC,L20_CTATTAAG,L20,environmental,18S,20,UC14-18S_S13_L001_R1_001.fastq.gz,UC14-18S_S13_L001_R2_001.fastq.gz,night,11.92386957,22.9998,.110.41,0.201243478,20.28342609,34.42728696,24.2507,4.750775696,4.6809,88.68393478,EUSouth
13,UC15_18S,AAGGCTAT_AG,AAGGCTAT,GCTTGTCTCAAAGATTAAGCC,GCCTGCTGCCTTCCTTGGA,TCCAAGGAAGGCAGCAGGC,L21_AAGGCTAT,L21,environmental,18S,21,UC15-18S_S14_L001_R1_001.fastq.gz,UC15-18S_S14_L001_R2_001.fastq.gz,day,11.92382609,23.1195,.109.3158,0.328213043,20.6145,35.02704348,24.6192913,4.858220522,4.42116087,86.69308261,EUSouth
14,GOC2a_18S,GAGCCTTA_AG,GAGCCTTA,GCTTGTCTCAAAGATTAAGCC,GCCTGCTGCCTTCCTTGGA,TCCAAGGAAGGCAGCAGGC,L4_GAGCCTTA,L4,environmental,18S,4,GOC2a-18S_S15_L001_R1_001.fastq.gz,GOC2a-18S_S15_L001_R2_001.fastq.gz,night,12.42231818,20.996,.109.997,0.062922727,24.17786818,34.50932273,23.21800455,5.156782636,4.650331818,88.95457273,EUSouth
15,GOC2b_18S,TTATGCGA_AG,TTATGCGA,GCTTGTCTCAAAGATTAAGCC,GCCTGCTGCCTTCCTTGGA,TCCAAGGAAGGCAGCAGGC,L5_TTATGCGA,L5,environmental,18S,5,GOC2b-18S_S16_L001_R1_001.fastq.gz,GOC2b-18S_S16_L001_R2_001.fastq.gz,night,12.42231818,20.996,.109.997,0.062922727,24.17786818,34.50932273,23.21800455,5.156782636,4.650331818,88.95457273,EUSouth
16,CP23_18S,TCGACTAG_AG,TCGACTAG,GCTTGTCTCAAAGATTAAGCC,GCCTGCTGCCTTCCTTGGA,TCCAAGGAAGGCAGCAGGC,L3_TCGACTAG,L3,environmental,18S,3,CP23-18S_S17_L001_R1_001.fastq.gz,CP23-18S_S17_L001_R2_001.fastq.gz,night,11.923,23.4877,.109.2293,0.362908696,20.75727391,35.05893043,24.60513478,4.876746739,4.659426087,85.49089565,EUSouth
17,UC3_2_18S,TTCTAGCT_AT,TTCTAGCT,GCTTGTCTCAAAGATTAAGCC,GCCTGCTGCCTTCCTTGGA,TCCAAGGAAGGCAGCAGGC,L10_TTCTAGCT,L10,environmental,18S,10,UC3-2-18S_S18_L001_R1_001.fastq.gz,UC3-2-18S_S18_L001_R2_001.fastq.gz,night,11.91373913,33.9998,.120.61,0.351265217,12.57266522,33.42426522,25.25619565,3.891625217,5.249904348,85.76833913,PCNorth
18,CP23_2_18S,CCTAGAGT_AT,CCTAGAGT,GCTTGTCTCAAAGATTAAGCC,GCCTGCTGCCTTCCTTGGA,TCCAAGGAAGGCAGCAGGC,L2_CCTAGAGT,L2,environmental,18S,2,CP23-2-18S_S19_L001_R1_001.fastq.gz,CP23-2-18S_S19_L001_R2_001.fastq.gz,night,11.923,23.4877,.109.2293,0.362908696,20.75727391,35.05893043,24.60513478,4.876746739,4.659426087,85.49089565,EUSouth
19,UC3_1_18S,GCGTAAGA_AT,GCGTAAGA,GCTTGTCTCAAAGATTAAGCC,GCCTGCTGCCTTCCTTGGA,TCCAAGGAAGGCAGCAGGC,L9_GCGTAAGA,L9,environmental,18S,9,UC3-1-18S_S20_L001_R1_001.fastq.gz,UC3-1-18S_S20_L001_R2_001.fastq.gz,night,11.91373913,33.9998,.120.61,0.351265217,12.57266522,33.42426522,25.25619565,3.891625217,5.249904348,85.76833913,PCNorth
20,CP23_1_18S,CTATTAAG_AT,CTATTAAG,GCTTGTCTCAAAGATTAAGCC,GCCTGCTGCCTTCCTTGGA,TCCAAGGAAGGCAGCAGGC,L1_CTATTAAG,L1,environmental,18S,1,CP23-1-18S_S21_L001_R1_001.fastq.gz,CP23-1-18S_S21_L001_R2_001.fastq.gz,night,11.923,23.4877,.109.2293,0.362908696,20.75727391,35.05893043,24.60513478,4.876746739,4.659426087,85.49089565,EUSouth
21,NTC_1_18S,AAGGCTAT_AT,AAGGCTAT,GCTTGTCTCAAAGATTAAGCC,GCCTGCTGCCTTCCTTGGA,TCCAAGGAAGGCAGCAGGC,L6_AAGGCTAT,L6,control,18S,6,NTC-1-18S_S1_L001_R1_001.fastq.gz,NTC-1-18S_S1_L001_R2_001.fastq.gz,control,0,0,0,0,0,0,0,0,0,0,
