order,sample_name,tag_sequence,tag_sequence_orig,primer_sequence_F,primer_sequence_R,library_tag_combo,library,sample_type,locus,tag_number,R1,R2,Treatment,depth,dec-lat,dec-long,fluor,tmp,sal,sigma-theta,conduct,oxy-ml,transmiss,Description
1,UC1_COI,TTCTAGCT_AA,TTCTAGCT,GGWACWGGWTGAACWGTWTAYCCYCC,TANACYTCNGGRTGNCCRAARAAYCA,N7_TTCTAGCT,N7,environmental,COI,1,UC1-COI_S22_L001_R1_001.fastq.gz,UC1-COI_S22_L001_R2_001.fastq.gz,night,11.415,36,-121.7702,0.317525,12.57277917,33.31300833,25.17000417,3.879983208,5.731966667,86.42458333,PCNorth
2,UC2_COI,CCTAGAGT_AA,CCTAGAGT,GGWACWGGWTGAACWGTWTAYCCYCC,TANACYTCNGGRTGNCCRAARAAYCA,N8_CCTAGAGT,N8,environmental,COI,2,UC2-COI_S23_L001_R1_001.fastq.gz,UC2-COI_S23_L001_R2_001.fastq.gz,day,11.91165217,35,-121.5602,0.327413043,12.72407391,33.28353913,25.11782174,3.890925304,5.685595652,85.7651913,PCNorth
3,UC3_COI,GCGTAAGA_AA,GCGTAAGA,GGWACWGGWTGAACWGTWTAYCCYCC,TANACYTCNGGRTGNCCRAARAAYCA,N11_GCGTAAGA,N11,environmental,COI,3,UC3-COI_S24_L001_R1_001.fastq.gz,UC3-COI_S24_L001_R2_001.fastq.gz,night,11.91373913,33.9998,-120.61,0.351265217,12.57266522,33.42426522,25.25619565,3.891625217,5.249904348,85.76833913,PCNorth
4,UC4_COI,CTATTAAG_AA,CTATTAAG,GGWACWGGWTGAACWGTWTAYCCYCC,TANACYTCNGGRTGNCCRAARAAYCA,N12_CTATTAAG,N12,environmental,COI,4,UC4-COI_S25_L001_R1_001.fastq.gz,UC4-COI_S25_L001_R2_001.fastq.gz,day,12.41145455,33,-118.23,0.234636364,14.71248182,33.41780455,24.81468182,4.091150818,5.4555,84.71545455,EUNorth
5,UC5_COI,AAGGCTAT_AA,AAGGCTAT,GGWACWGGWTGAACWGTWTAYCCYCC,TANACYTCNGGRTGNCCRAARAAYCA,N13_AAGGCTAT,N13,environmental,COI,5,UC5-COI_S26_L001_R1_001.fastq.gz,UC5-COI_S26_L001_R2_001.fastq.gz,night,na,na,na,na,na,na,na,na,na,na,EUNorth
6,UC6_COI,GAGCCTTA_AA,GAGCCTTA,GGWACWGGWTGAACWGTWTAYCCYCC,TANACYTCNGGRTGNCCRAARAAYCA,N14_GAGCCTTA,N14,environmental,COI,6,UC6-COI_S27_L001_R1_001.fastq.gz,UC6-COI_S27_L001_R2_001.fastq.gz,day,11.91682609,30.9952,-116.589,0.217382609,15.64703043,33.51538696,24.68554348,4.190452652,5.243447826,88.00826957,EUNorth
7,UC7_COI,TTATGCGA_AA,TTATGCGA,GGWACWGGWTGAACWGTWTAYCCYCC,TANACYTCNGGRTGNCCRAARAAYCA,N15_TTATGCGA,N15,environmental,COI,7,UC7-COI_S28_L001_R1_001.fastq.gz,UC7-COI_S28_L001_R2_001.fastq.gz,night,11.9176087,30.0263,-116.1248,0.233269565,15.32267826,33.46879565,24.72148696,4.154456522,5.334295652,86.80058696,EUNorth
8,UC9_COI,TCGACTAG_AA,TCGACTAG,GGWACWGGWTGAACWGTWTAYCCYCC,TANACYTCNGGRTGNCCRAARAAYCA,N16_TCGACTAG,N16,environmental,COI,8,UC9-COI_S29_L001_R1_001.fastq.gz,UC9-COI_S29_L001_R2_001.fastq.gz,dawn,11.91908696,27.9933,-115.7002,0.327256522,16.101,33.79448261,24.79738696,4.265281217,5.096065217,83.36245652,EUNorth
9,UC10_COI,TTCTAGCT_AG,TTCTAGCT,GGWACWGGWTGAACWGTWTAYCCYCC,TANACYTCNGGRTGNCCRAARAAYCA,N17_TTCTAGCT,N17,environmental,COI,9,UC10-COI_S30_L001_R1_001.fastq.gz,UC10-COI_S30_L001_R2_001.fastq.gz,dawn,11.92043478,27.0043,-114.5317,0.217556522,17.21716087,33.89240435,24.6132913,4.384262217,5.090952174,87.57373478,EUSouth
10,UC12_COI,CCTAGAGT_AG,CCTAGAGT,GGWACWGGWTGAACWGTWTAYCCYCC,TANACYTCNGGRTGNCCRAARAAYCA,N18_CCTAGAGT,N18,environmental,COI,10,UC12-COI_S31_L001_R1_001.fastq.gz,UC12-COI_S31_L001_R2_001.fastq.gz,night,11.92213043,24.9998,-112.9597,0.218082609,18.82835217,34.16702609,24.42857391,4.574350261,4.876356522,87.41837826,EUSouth
11,UC13_COI,GCGTAAGA_AG,GCGTAAGA,GGWACWGGWTGAACWGTWTAYCCYCC,TANACYTCNGGRTGNCCRAARAAYCA,N19_GCGTAAGA,N19,environmental,COI,11,UC13-COI_S32_L001_R1_001.fastq.gz,UC13-COI_S32_L001_R2_001.fastq.gz,day,11.42525,24.0005,-112.3283,0.184395833,19.69200833,34.11982083,24.17136667,4.654128542,4.765579167,89.18244583,EUSouth
12,UC14_COI,CTATTAAG_AG,CTATTAAG,GGWACWGGWTGAACWGTWTAYCCYCC,TANACYTCNGGRTGNCCRAARAAYCA,N20_CTATTAAG,N20,environmental,COI,12,UC14-COI_S33_L001_R1_001.fastq.gz,UC14-COI_S33_L001_R2_001.fastq.gz,night,11.92386957,22.9998,-110.41,0.201243478,20.28342609,34.42728696,24.2507,4.750775696,4.6809,88.68393478,EUSouth
13,UC15_COI,AAGGCTAT_AG,AAGGCTAT,GGWACWGGWTGAACWGTWTAYCCYCC,TANACYTCNGGRTGNCCRAARAAYCA,N21_AAGGCTAT,N21,environmental,COI,13,UC15-COI_S34_L001_R1_001.fastq.gz,UC15-COI_S34_L001_R2_001.fastq.gz,day,11.92382609,23.1195,-109.3158,0.328213043,20.6145,35.02704348,24.6192913,4.858220522,4.42116087,86.69308261,EUSouth
14,GOC2a_COI,GAGCCTTA_AG,GAGCCTTA,GGWACWGGWTGAACWGTWTAYCCYCC,TANACYTCNGGRTGNCCRAARAAYCA,N4_GAGCCTTA,N4,environmental,COI,14,GOC2a-COI_S35_L001_R1_001.fastq.gz,GOC2a-COI_S35_L001_R2_001.fastq.gz,night,12.42231818,20.996,-109.997,0.062922727,24.17786818,34.50932273,23.21800455,5.156782636,4.650331818,88.95457273,EUSouth
15,GOC2b_COI,TTATGCGA_AG,TTATGCGA,GGWACWGGWTGAACWGTWTAYCCYCC,TANACYTCNGGRTGNCCRAARAAYCA,N5_TTATGCGA,N5,environmental,COI,15,GOC2b-COI_S36_L001_R1_001.fastq.gz,GOC2b-COI_S36_L001_R2_001.fastq.gz,night,12.42231818,20.996,-109.997,0.062922727,24.17786818,34.50932273,23.21800455,5.156782636,4.650331818,88.95457273,EUSouth
16,CP23_COI,TCGACTAG_AG,TCGACTAG,GGWACWGGWTGAACWGTWTAYCCYCC,TANACYTCNGGRTGNCCRAARAAYCA,N3_TCGACTAG,N3,environmental,COI,16,CP23-COI_S37_L001_R1_001.fastq.gz,CP23-COI_S37_L001_R2_001.fastq.gz,night,11.923,23.4877,-109.2293,0.362908696,20.75727391,35.05893043,24.60513478,4.876746739,4.659426087,85.49089565,EUSouth
17,UC3_2_COI,TTCTAGCT_AT,TTCTAGCT,GGWACWGGWTGAACWGTWTAYCCYCC,TANACYTCNGGRTGNCCRAARAAYCA,N10_TTCTAGCT,N10,environmental,COI,17,UC3-2-COI_S38_L001_R1_001.fastq.gz,UC3-2-COI_S38_L001_R2_001.fastq.gz,night,11.91373913,33.9998,-120.61,0.351265217,12.57266522,33.42426522,25.25619565,3.891625217,5.249904348,85.76833913,PCNorth
18,CP23_2_COI,CCTAGAGT_AT,CCTAGAGT,GGWACWGGWTGAACWGTWTAYCCYCC,TANACYTCNGGRTGNCCRAARAAYCA,N2_CCTAGAGT,N2,environmental,COI,18,CP23-2-COI_S39_L001_R1_001.fastq.gz,CP23-2-COI_S39_L001_R2_001.fastq.gz,night,11.923,23.4877,-109.2293,0.362908696,20.75727391,35.05893043,24.60513478,4.876746739,4.659426087,85.49089565,EUSouth
19,UC3_1_COI,GCGTAAGA_AT,GCGTAAGA,GGWACWGGWTGAACWGTWTAYCCYCC,TANACYTCNGGRTGNCCRAARAAYCA,N9_GCGTAAGA,N9,environmental,COI,19,UC3-1-COI_S40_L001_R1_001.fastq.gz,UC3-1-COI_S40_L001_R2_001.fastq.gz,night,11.91373913,33.9998,-120.61,0.351265217,12.57266522,33.42426522,25.25619565,3.891625217,5.249904348,85.76833913,PCNorth
20,CP23_1_COI,CTATTAAG_AT,CTATTAAG,GGWACWGGWTGAACWGTWTAYCCYCC,TANACYTCNGGRTGNCCRAARAAYCA,N1_CTATTAAG,N1,environmental,COI,20,CP23-1-COI_S41_L001_R1_001.fastq.gz,CP23-1-COI_S41_L001_R2_001.fastq.gz,night,11.923,23.4877,-109.2293,0.362908696,20.75727391,35.05893043,24.60513478,4.876746739,4.659426087,85.49089565,EUSouth
21,NTC_2_COI,AAGGCTAT_AT,AAGGCTAT,GGWACWGGWTGAACWGTWTAYCCYCC,TANACYTCNGGRTGNCCRAARAAYCA,N6_AAGGCTAT,N6,control,COI,21,NTC-2-COI_S42_L001_R1_001.fastq.gz,NTC-2-COI_S42_L001_R2_001.fastq.gz,control,0,0,0,0,0,0,0,0,0,0,0